<?xml version="1.0" encoding="UTF-8"?>
<project-private xmlns="http://www.netbeans.org/ns/project-private/1">
    <editor-bookmarks xmlns="http://www.netbeans.org/ns/editor-bookmarks/2" lastBookmarkId="0"/>
    <open-files xmlns="http://www.netbeans.org/ns/projectui-open-files/2">
        <group name="Group 20200823-11:25:27">
            <file>file:/C:/Users/Vikas/Documents/NetBeansProjects/SchoolManagment/web/school_navbar.jsp</file>
            <file>file:/C:/Users/Vikas/Documents/NetBeansProjects/SchoolManagment/web/index_student_registration.jsp</file>
            <file>file:/C:/Users/Vikas/Documents/NetBeansProjects/SchoolManagment/web/get_student_registration.jsp</file>
            <file>file:/C:/Users/Vikas/Documents/NetBeansProjects/SchoolManagment/web/index.html</file>
            <file>file:/C:/Users/Vikas/Documents/NetBeansProjects/SchoolManagment/src/java/student_manament_p/student_registration_pojo.java</file>
            <file>file:/C:/Users/Vikas/Documents/NetBeansProjects/SchoolManagment/web/student_attendence.jsp</file>
            <file>file:/C:/Users/Vikas/Documents/NetBeansProjects/SchoolManagment/web/index.jsp</file>
            <file>file:/C:/Users/Vikas/Documents/NetBeansProjects/SchoolManagment/web/student_attendance.html</file>
            <file>file:/C:/Users/Vikas/Documents/NetBeansProjects/SchoolManagment/src/java/student_manament_p/student_managment_Dao.java</file>
            <file>file:/C:/Users/Vikas/Documents/NetBeansProjects/SchoolManagment/web/create_student_registation.html</file>
            <file>file:/C:/Users/Vikas/Documents/NetBeansProjects/SchoolManagment/web/student_report.jsp</file>
            <file>file:/C:/Users/Vikas/Documents/NetBeansProjects/SchoolManagment/web/student_fees.html</file>
        </group>
        <group>
            <file>file:/C:/Users/Vikas/Documents/NetBeansProjects/SchoolManagment/web/Edit_student_registration.jsp</file>
            <file>file:/C:/Users/Vikas/Documents/NetBeansProjects/SchoolManagment/web/1fees_update.jsp</file>
            <file>file:/C:/Users/Vikas/Documents/NetBeansProjects/SchoolManagment/web/lsessiontracking.jsp</file>
            <file>file:/C:/Users/Vikas/Documents/NetBeansProjects/SchoolManagment/web/1fees.html</file>
            <file>file:/C:/Users/Vikas/Documents/NetBeansProjects/SchoolManagment/web/student_attendence.jsp</file>
            <file>file:/C:/Users/Vikas/Documents/NetBeansProjects/SchoolManagment/web/index.jsp</file>
            <file>file:/C:/Users/Vikas/Documents/NetBeansProjects/SchoolManagment/web/update_student_registration.jsp</file>
            <file>file:/C:/Users/Vikas/Documents/NetBeansProjects/SchoolManagment/web/1fees_edit.jsp</file>
            <file>file:/C:/Users/Vikas/Documents/NetBeansProjects/SchoolManagment/web/school_navbar.jsp</file>
            <file>file:/C:/Users/Vikas/Documents/NetBeansProjects/SchoolManagment/web/get_student_registration.jsp</file>
            <file>file:/C:/Users/Vikas/Documents/NetBeansProjects/SchoolManagment/web/1fees_index.jsp</file>
            <file>file:/C:/Users/Vikas/Documents/NetBeansProjects/SchoolManagment/web/student_attendance.html</file>
            <file>file:/C:/Users/Vikas/Documents/NetBeansProjects/SchoolManagment/web/create_student_registation.html</file>
        </group>
    </open-files>
</project-private>
